track_id,play_count
4w1lzcaoZ1IC2K5TwjalRP,3
1OOtq8tRnDM8kG2gqUPjAj,2
6m1TWFMeon7ai9XLOzdbiR,7
52xJxFP6TqMuO4Yt0eOkMz,3
3AVXwaOGCEL8cmBecfcsFJ,2
1BSncOsSJPQkpl29QM0ipj,0
02MWAaffLxlfxAUY7c5dvx,20
5Z9KJZvQzH6PFmb8SNkxuk,0
46IZ0fSY2mpAiktS3KOqds,2
4ZtFanR9U6ndgddUvNcjcG,21
3o9kpgkIcffx0iSwxhuNI2,39
1k1Bqnv2R0uJXQN4u6LKYt,2
0cqRj7pUJDkTCEsJkx8snD,6
44ONERBHALxftQNWq6dmyd,3
3VT8hOC5vuDXBsHrR53WFh,2
3Wrjm47oTz2sjIgck11l5e,14
0pqnGHJpmpxLKifKRmU6WP,2
7iAgNZdotu40NwtoIWJHFe,1
6NEoeBLQbOMw92qMeLfI40,0
0VjIjW4GlUZAMYd2vXMi3b,1
4a9tbd947vo9K8Vti9JwcI,13
5QDLhrAOJJdNAmCTJ8xMyW,3
1mWdTewIgB3gtBM3TOSFhB,8
7GVUmCP00eSsqc4tzj1sDD,0
7uidJM7xBikobIitpHQKZ4,9
3FtYbEfBqAlGO46NUDQSAt,14
1Yk0cQdMLx5RzzFTYwmuld,3
2P91MQbaiQOfbiz9VqhqKQ,7
6epn3r7S14KUqlReYr77hA,0
3OIHgTyQdiAGMmpjQaNxp3,56
4pspYVQGFHLPEFgQPD1J7e,1
5FVbvttjEvQ8r2BgUcJgNg,6
7hU3IHwjX150XLoTVmjD0q,6
1D4PL9B8gOg78jiHg3FvBb,1
6Rqn2GFlmvmV4w9Ala0I1e,0
4R2kfaDFhslZEMJqAFNpdd,40
6U4VqEHy4n5VeiH4pQPL24,20
5mXBaDm21IbxvWSl1AHCpq,2
61zSTvYuEWrj0ZfllX7Aew,3
1KGi9sZVMeszgZOWivFpxs,11
1r9xUipOqoNwggBpENDsvJ,3
4iJyoBOLtHqaGxP12qzhQI,10
0ked784BOZ1JtRVHux98jE,0
3bNv3VuUOKgrf5hu3YcuRo,2
2iuZJX9X9P0GKaE93xcPjk,34
760jhRscwGbIIe1m1IIQpU,3
1u8c2t2Cy7UBoG4ArRcF5g,53
1ExfPZEiahqhLyajhybFeS,23
1A8j067qyiNwQnZT0bzUpZ,0
44tTqUi3xi7E28QLzHVdUA,6
6sPOmDulFtLzfX25zICNrC,0
03xWMkKEbeO4SnylA53ipj,3
4jPy3l0RUwlUI9T5XHBW2m,0
7qiZfU4dY1lWllzX7mPBI3,13
4cOdK2wGLETKBW3PvgPWqT,37
3dYD57lRAUcMHufyqn9GcI,0
6JV2JOEocMgcZxYSZelKcc,0
0GjEhVFGZW8afUYGChu3Rr,0
2u2udGmop1z67EPpr91km7,2
0bYg9bo50gSsH3LtXe2SQn,0
53CJANUxooaqGOtdsBTh7O,2
6GNRkaWUB0Lwc19SdkTgx8,0
39LLxExYz6ewLAcYrzQQyP,1
2ngmiq1KoYn3x25VOmvd8F,19
1e8J3XClxZbFmvIHLI8CE4,7
6PQ88X9TkUIAUIZJHW2upE,0
5wANPM4fQCJwkGd4rN57mH,0
4OAuvHryIVv4kMDNSLuPt6,2
4clXV4rlEHScwSR85lumky,1
2Fxmhks0bxGSBdJ92vM42m,0
4SSnFejRGlZikf02HLewEF,1
5ygDXis42ncn6kYG14lEVG,21
0puf9yIluy9W0vpMEUoAnN,0
1XyL3J7eTTKnxRZAM3LqIT,4
2Pner0zYKaSPQ3YeYYXdup,3
0aE3V0zgSD2YwkEHW42gxG,32
2u54HNQamwFuOMLSuhSRom,2
4FMgYCZ5Nb2K5yiciX7JLK,0
405HNEYKGDifuMcAZvqrqA,2
3QV7NYkrmV0Q0IHdFJw9hO,4
2EoIt9vdgFRNW03u5IvFsQ,23
6habFhsOp2NvshLv26DqMb,9
1rfofaqEpACxVEHIZBJe6W,8
0DrDcqWpokMlhKYJSwoT4B,15
1gihuPhrLraKYrJMAEONyc,2
2tpWsVSb9UEmDRxAl1zhX1,1
76FAfdFlazdZxS63izv3j4,11
75MNhvTCCKsST3YqqUiU9r,6
6xepovPqjvrkEw9Y5AMmTm,14
2c3sKqWYVJ0NsE3elgRhKH,14
2XRZPj0hi4P5rEfkXPcnmT,4
4TTV7EcfroSLWzXRY6gLv6,7
60nZcImufyMA1MKQY3dcCH,30
3MMyiRAyQC3MWO5LnrbDoI,0
7zkLpY72g6lKQbiHDqri1S,2
71iSmEeF0qRVyULABxP75P,1
1G1Er84Lb9mnScxtUB30gQ,28
3G6hD9B2ZHOsgf4WfNu7X1,3
6sppiVa0w9Lfi7m8NVwTsf,1
3zLTPuucd3e6TxZnu2dlVS,1
0d28khcov6AiegSCpG5TuT,0
4V5siYO9zHpLX5qf2F0qBV,18
49FYlytm3dAAraYgpoJZux,6
4SFknyjLcyTLJFPKD2m96o,5
6QgjcU0zLnzq5OrUoSZ3OK,1
7wa1cHqTRdjXZuqo4iigj1,1
3zkWCteF82vJwv0hRLba76,4
3XYRV7ZSHqIRDG87DKTtry,5
74fpNVAJrKGQuqHETi4WSt,1
13MF2TYuyfITClL1R2ei6e,1
7CAdT0HdiQNlt1C7xk2hep,1
3BJe4B8zGnqEdQPMvfVjuS,2
0qcr5FMsEO85NAQjrlDRKo,1
3qiyyUfYe7CRYLucrPmulD,5
0F7FA14euOIX8KcbEturGH,1
2ygMBIctKIAfbEBcT9065L,18
3AjyOYxBv8bByfBtG5o9dP,10
4iN16F8JtVxG2UTzp3avGl,2
6UelLqGlWMcVH1E5c4H7lY,17
4ofwffwvvnbSkrMSCKQDaC,12
76hfruVvmfQbw0eYn1nmeC,4
2SDx0PooHZI1SQKR0y44bs,2
3Vo4wInECJQuz9BIBMOu8i,11
0VXNv42fMCHUaugnEgTeI7,0
3YfS47QufnLDFA71FUsgCM,2
2j1fFjWHCI9KJSwcuYAOyF,1
37BZB0z9T8Xu7U3e65qxFy,14
4UDmDIqJIbrW0hMBQMFOsM,4
1dGr1c8CrMLDpV6mPbImSI,0
6RRNNciQGZEXnqk8SQ9yv5,0
0ug5NqcwcFR2xrfTkc7k8e,0
4b1yxSdlumA8N4fEk4UOZp,88
6UEfyhyfhYQsyipxOd95Ie,16
0ikz6tENMONtK6qGkOrU3c,6
051wt8AyLFgYnVuberd3vO,2
4pbJqGIASGPr0ZpGpnWkDn,1
3AJwUDP919kvQ9QcozQPxg,1
1GEBsLDvJGw7kviySRI6GX,2
